ID,Species,Gender,Weight (kg),Scan date,DOB,Age (yrs),Resolution in plane(mm),Slice thickness (mm),Source,Source ID#,Position,Origin ID,MRI,Notes
M01,Mulatta,Female,6.7, -, -,6,0.225,0.2,DMM,47,Stereotax,m047,, -
M02,Mulatta,Male,7.1, -, -,6,0.25,0.2,DMM,48,Stereotax,m048,, -
M03,Mulatta,Male,5.65,2/4/15,4/29/08,6.8,0.3,0.5,NIH,FB81,Stereotax,MrBeckey,1,Headpost
M04,Mulatta,Male,7.5,2/4/15,5/5/07,7.7,0.3,0.5,NIH,DP9T,Stereotax,Pauling,1,Headpost
M05,Mulatta,Male,9.45,3/14/13,,9,0.26,0.3,NIH,DBKL,Stereotax,Alpha,,ECoG
M06,Mulatta,Female,9.5,8/14/14,,6,0.29,0.5,NIH,KM2,Stereotax,Snookie,,ECoG
M07,Mulatta,Female,4.8,3/18/15,,6,0.285,0.5,NIH,K91,Stereotax,Theta,,ECoG
M08,Mulatta,Male,9.5,10/30/14,,8,0.324,0.5,NIH,DV74,Stereotax,Zeta,,ECoG
M09,Mulatta,Male,12,2/1/17,4/9/10,6.8,0.37,0.3,NIH,DX8N,Stereotax,Hendrix,1,Headpost
M10,Mulatta,Male,7.7,9/15/16,4/7/08,8.4,0.35,0.5,NIH,DV64,Stereotax,Gumby,,Scar
M11,Mulatta,Female,5.1,10/29/15,8/6/08,7.2,0.36,0.125,NIH,KFZ,Stereotax,Regina,1,Headpost
M12,Mulatta,Male,12.5,12/15/16,6/2/09,7.5,0.37,0.25,NIH,FC7P,Stereotax,Bennie,,Headpost
M13,Mulatta,Male,10.1,6/27/17,4/3/12,5.2,0.37,0.25,NIH,H818,Stereotax,Jasper,1, -
M14,Mulatta,Male,13.95,11/4/16,1/1/06,10.8,0.37,0.25,NIH,DN4R,Stereotax,Agnew,, -
M15,Mulatta,Male,11.25,8/4/16,5/10/10,6.2,0.37,0.25,NIH,DX7F,Stereotax,Bruce,, Headpost
M16,Mulatta,Male,11.45,8/4/16,5/17/10,6.2,0.37,0.25,NIH,GB7X,Stereotax,Christian,,Headpost
M17,Mulatta,Male,7.6,8/27/15,6/7/10,5.2,0.293,0.5,NIH,DX8L,Stereotax,Dobbs,1, -
M18,Mulatta,Male,6,9/11/15,5/12/10,5.3,0.355,0.3,NIH,DW7WX,Stereotax,Micro,1,Headpost
M19,Mulatta,Male,14.1,4/21/16,5/7/10,6,0.37,0.125,NIH,DX4X,Stereotax,Piroette,1,Headpost
M20,Mulatta,Male,6.7,2/18/16,5/4/11,4.8,0.37,0.125,NIH,H114,Stereotax,Voltaire,,Headpost
M21,Mulatta,Male,5.7,8/20/15,8/20/11,4,0.352,0.25,NIH,H502,Stereotax,Waldo,,Headpost
M22,Mulatta,Male,7.3,5/10/18,4/9/14,4.1,,,NIH,H47F,Stereotax,Wasabi,1,Headpost
M23,Mulatta,Male,8.5,12/7/18,7/17/12,6.4,0.37,0.25,NIH,H753,Stereotax,Zoboomafoo,,Headpost
M24,Mulatta,Male,6.8,11/20/17,8/10/09,8.3,0.37,0.25,NIH,FE5F,Stereotax,Prima,1,Headpost
M25,Mulatta,Male,8.5,12/28/14,5/22/09,5.6,0.293,0.25,NIH,FC7V,Stereotax,Mega,,Headpost
M26,Mulatta,Male,7.8,1/18/18,5/2/13,4.7,0.37,0.25,NIH,H29L,Stereotax,Blis,1,Headpost
M27,Mulatta,Male,12.2,2/13/17,4/1/92,24.9,0.46,0.625,UC Davis,MMU26667,Stereotax,A,, -
M28,Mulatta,Male,14.2,3/15/17,6/1/91,25.8,0.31,0.625,UC Davis,MMU26412,Stereotax,B,, -
M29,Mulatta,Male,11.5,2/15/17,2/1/98,19,0.48,0.625,UC Davis,MMU30529,Stereotax,C,, -
M30,Mulatta,Male,13.1,4/21/14,3/1/00,14.1,0.4,0.625,UC Davis,MMU32261,Stereotax,D,,Headpost
M31,Mulatta,Male,11.1,7/12/17,3/1/01,16.4,0.36,0.625,UC Davis,MMU32891 ,Stereotax,E,,Headpost
M32,Mulatta, -, -,10/15/14, -, -,0.34,0.625,UC Davis,MMU21835,Stereotax,F,, -
M33,Mulatta,Male,16,11/15/17,5/1/09,8.5,0.39,0.625,UC Davis,MMU40100,Stereotax,G,,Lips cropped
M34,Mulatta,Female,7.5,10/9/14,2/1/05,9.7,0.34,0.625,UC Davis,MMU36179,Stereotax,H,, -
M35,Mulatta,Female,9.3,5/6/14,3/1/07,7.2,0.32,0.625,UC Davis,MMU37884,Stereotax,I,, -
M36,Mulatta,Female,7.8,10/8/13,3/1/03,10.6,0.29,0.625,UC Davis,MMU34748,Stereotax,J,, -
,,,,,,,,,,,,,,
,,,,,,,,,,,,,,
,,,,,,,,,,,,,,
,,,,,,,,,,,,,,
,,,,,,,,,,,,,,
,,,,,,,,,,,,,,
,,,,,,,,,,,,,,
,,,,,,,,,,,,,,
,,,,,,,,,,,,,,
,,,,,,,,,,,,,,